DROP DATABASE `suxlv2_sslv`;
CREATE DATABASE `suxlv2_sslv` DEFAULT CHARACTER SET utf8 COLLATE utf8_general_ci;
USE `suxlv2_sslv`;

DROP TABLE IF EXISTS `ad_desc`;
CREATE TABLE IF NOT EXISTS `ad_desc` (
  `ID` int(11) NOT NULL AUTO_INCREMENT,
  `ADS_ID` int(11) NOT NULL,
  `CRITERIA` varchar(50) NOT NULL,
  `VALUE` varchar(200) NOT NULL,
  PRIMARY KEY (`ID`),
  KEY `ADS_ID` (`ADS_ID`)
) ENGINE=MyISAM  DEFAULT CHARSET=utf8 AUTO_INCREMENT=195 ;

INSERT INTO `ad_desc` VALUES(146, 33338, 'OTHER', '');
INSERT INTO `ad_desc` VALUES(62, 33310, 'CONDITION', 'd');
INSERT INTO `ad_desc` VALUES(5, 3, 'TYPE', 'Computers');
INSERT INTO `ad_desc` VALUES(6, 3, 'NAME', 'PC');
INSERT INTO `ad_desc` VALUES(12, 5, 'agi', '+100500');
INSERT INTO `ad_desc` VALUES(11, 5, 'str', '200');
INSERT INTO `ad_desc` VALUES(10, 5, 'int', '3000');
INSERT INTO `ad_desc` VALUES(16, 33292, 'CRITERIA1', 'value1');
INSERT INTO `ad_desc` VALUES(45, 33305, 'PRICE', '2Ls');
INSERT INTO `ad_desc` VALUES(54, 33308, 'PRICE', 'b');
INSERT INTO `ad_desc` VALUES(71, 33313, 'OTHER', 't5');
INSERT INTO `ad_desc` VALUES(70, 33313, 'CONDITION', 't1');
INSERT INTO `ad_desc` VALUES(69, 33313, 'PRICE', 't2');
INSERT INTO `ad_desc` VALUES(68, 33312, 'OTHER', 'c');
INSERT INTO `ad_desc` VALUES(67, 33312, 'CONDITION', 'b');
INSERT INTO `ad_desc` VALUES(66, 33312, 'PRICE', 'a');
INSERT INTO `ad_desc` VALUES(145, 33338, 'CONDITION', '');
INSERT INTO `ad_desc` VALUES(64, 33310, 'OTHER', 'da');
INSERT INTO `ad_desc` VALUES(56, 33308, 'OTHER', 'd');
INSERT INTO `ad_desc` VALUES(55, 33308, 'CONDITION', 'c');
INSERT INTO `ad_desc` VALUES(144, 33338, 'PRICE', '');
INSERT INTO `ad_desc` VALUES(59, 33309, 'OTHER', 'Piece a cake!');
INSERT INTO `ad_desc` VALUES(60, 33310, 'PRICE', 'a');
INSERT INTO `ad_desc` VALUES(57, 33309, 'PRICE', '100 LS');
INSERT INTO `ad_desc` VALUES(58, 33309, 'CONDITION', 'He, he he!');
INSERT INTO `ad_desc` VALUES(39, 33303, 'PRICE', '100000$ 5');
INSERT INTO `ad_desc` VALUES(46, 33305, 'CONDITION', 'Brand New');
INSERT INTO `ad_desc` VALUES(47, 33305, 'OTHER', 'Non smoking, non drinking .. just angel!');
INSERT INTO `ad_desc` VALUES(49, 33306, 'CONDITION', '');
INSERT INTO `ad_desc` VALUES(50, 33306, 'OTHER', '');
INSERT INTO `ad_desc` VALUES(168, 33346, 'PRICE', '0.05');
INSERT INTO `ad_desc` VALUES(83, 33318, 'PRICE', 'w');
INSERT INTO `ad_desc` VALUES(85, 33318, 'CONDITION', 'w');
INSERT INTO `ad_desc` VALUES(87, 33318, 'OTHER', 'w');
INSERT INTO `ad_desc` VALUES(143, 33337, 'OTHER', '&#1044;&#1088;&#1091;&#1075;&#1086;&#1077;');
INSERT INTO `ad_desc` VALUES(142, 33337, 'CONDITION', 't2');
INSERT INTO `ad_desc` VALUES(141, 33337, 'PRICE', 't2');
INSERT INTO `ad_desc` VALUES(95, 33322, 'CONDITION', '1');
INSERT INTO `ad_desc` VALUES(94, 33322, 'PRICE', '1');
INSERT INTO `ad_desc` VALUES(93, 33321, 'PRICE', '1');
INSERT INTO `ad_desc` VALUES(96, 33321, 'CONDITION', '1');
INSERT INTO `ad_desc` VALUES(97, 33321, 'OTHER', '1');
INSERT INTO `ad_desc` VALUES(98, 33322, 'OTHER', '1');
INSERT INTO `ad_desc` VALUES(99, 33323, 'PRICE', '1');
INSERT INTO `ad_desc` VALUES(100, 33323, 'CONDITION', '1');
INSERT INTO `ad_desc` VALUES(101, 33324, 'PRICE', '1');
INSERT INTO `ad_desc` VALUES(102, 33324, 'CONDITION', '1');
INSERT INTO `ad_desc` VALUES(103, 33323, 'OTHER', '1');
INSERT INTO `ad_desc` VALUES(104, 33325, 'PRICE', '1');
INSERT INTO `ad_desc` VALUES(105, 33324, 'OTHER', '1');
INSERT INTO `ad_desc` VALUES(106, 33325, 'CONDITION', '1');
INSERT INTO `ad_desc` VALUES(107, 33325, 'OTHER', '1');
INSERT INTO `ad_desc` VALUES(108, 33326, 'PRICE', '1');
INSERT INTO `ad_desc` VALUES(109, 33326, 'CONDITION', '1');
INSERT INTO `ad_desc` VALUES(110, 33327, 'PRICE', '1');
INSERT INTO `ad_desc` VALUES(111, 33326, 'OTHER', '1');
INSERT INTO `ad_desc` VALUES(112, 33327, 'CONDITION', '1');
INSERT INTO `ad_desc` VALUES(113, 33328, 'PRICE', '1');
INSERT INTO `ad_desc` VALUES(114, 33327, 'OTHER', '1');
INSERT INTO `ad_desc` VALUES(115, 33328, 'CONDITION', '1');
INSERT INTO `ad_desc` VALUES(140, 33336, 'OTHER', '3');
INSERT INTO `ad_desc` VALUES(117, 33328, 'OTHER', '1');
INSERT INTO `ad_desc` VALUES(139, 33336, 'CONDITION', '2');
INSERT INTO `ad_desc` VALUES(138, 33336, 'PRICE', '1');
INSERT INTO `ad_desc` VALUES(120, 33330, 'PRICE', '');
INSERT INTO `ad_desc` VALUES(121, 33330, 'CONDITION', '');
INSERT INTO `ad_desc` VALUES(122, 33330, 'OTHER', 'r2');
INSERT INTO `ad_desc` VALUES(123, 33331, 'PRICE', 'a');
INSERT INTO `ad_desc` VALUES(124, 33331, 'CONDITION', 'b');
INSERT INTO `ad_desc` VALUES(125, 33331, 'OTHER', 'c');
INSERT INTO `ad_desc` VALUES(126, 33332, 'PRICE', 'b');
INSERT INTO `ad_desc` VALUES(127, 33332, 'CONDITION', 'c');
INSERT INTO `ad_desc` VALUES(128, 33332, 'OTHER', 'b');
INSERT INTO `ad_desc` VALUES(129, 33333, 'PRICE', 'aaa');
INSERT INTO `ad_desc` VALUES(130, 33333, 'CONDITION', 'bbb');
INSERT INTO `ad_desc` VALUES(131, 33333, 'OTHER', 'ccc');
INSERT INTO `ad_desc` VALUES(132, 33334, 'PRICE', '1');
INSERT INTO `ad_desc` VALUES(133, 33334, 'CONDITION', '2');
INSERT INTO `ad_desc` VALUES(134, 33334, 'OTHER', '3');
INSERT INTO `ad_desc` VALUES(135, 33335, 'PRICE1', '12');
INSERT INTO `ad_desc` VALUES(136, 33335, 'CONDITION1', '12');
INSERT INTO `ad_desc` VALUES(137, 33335, 'OTHER1', '12');
INSERT INTO `ad_desc` VALUES(153, 33341, 'PRICE', '20 Ls');
INSERT INTO `ad_desc` VALUES(171, 33347, 'PRICE', '1');
INSERT INTO `ad_desc` VALUES(155, 33341, 'OTHER', '');
INSERT INTO `ad_desc` VALUES(156, 33342, 'PRICE', '');
INSERT INTO `ad_desc` VALUES(157, 33342, 'CONDITION', '');
INSERT INTO `ad_desc` VALUES(158, 33342, 'OTHER', '');
INSERT INTO `ad_desc` VALUES(159, 33343, 'PRICE', '');
INSERT INTO `ad_desc` VALUES(160, 33343, 'CONDITION', '');
INSERT INTO `ad_desc` VALUES(161, 33343, 'OTHER', '');
INSERT INTO `ad_desc` VALUES(162, 33344, 'PRICE', '');
INSERT INTO `ad_desc` VALUES(163, 33344, 'CONDITION', '');
INSERT INTO `ad_desc` VALUES(164, 33344, 'OTHER', '');
INSERT INTO `ad_desc` VALUES(165, 33345, 'PRICE', 't4');
INSERT INTO `ad_desc` VALUES(166, 33345, 'CONDITION', '');
INSERT INTO `ad_desc` VALUES(167, 33345, 'OTHER', '');
INSERT INTO `ad_desc` VALUES(177, 33349, '&#1062;&#1045;&#1053;&#1040;', '&#1076;&#1074;&#1072; &#1083;&#1072;&#1090;&#1072;, &#1081;&#1086;&#1073;&#1090;&#1072;');
INSERT INTO `ad_desc` VALUES(178, 33349, 'CONDITION', '&#1085;&#1086;&#1074;&#1077;&#1085;&#1100;&#1082;&#1072;&#1103;');
INSERT INTO `ad_desc` VALUES(179, 33349, 'OTHER', '&#1073;&#1083;&#1077;&#1089;&#1090;&#1080;&#1090; &#1074;&#1089;&#1103;');
INSERT INTO `ad_desc` VALUES(180, 33350, 'PRICE', '90');
INSERT INTO `ad_desc` VALUES(181, 33350, 'CONDITION', '&#1085;&#1100;&#1102;');
INSERT INTO `ad_desc` VALUES(182, 33350, 'OTHER', '&#1096;&#1072;&#1081;&#1085;&#1080;');
INSERT INTO `ad_desc` VALUES(183, 33351, 'PRICE', '56');
INSERT INTO `ad_desc` VALUES(184, 33351, 'CONDITION', '&#1086;&#1083;&#1076;');
INSERT INTO `ad_desc` VALUES(185, 33351, 'OTHER', '&#1085;&#1077; &#1074;&#1089;&#1105; &#1079;&#1086;&#1083;&#1086;&#1090;&#1086;, &#1095;&#1090;&#1086; &#1073;&#1083;&#1103;&#1089;&#1090;&#1080;&#1090;');
INSERT INTO `ad_desc` VALUES(186, 33352, 'PRICE', '1005000');
INSERT INTO `ad_desc` VALUES(187, 33352, 'CONDITION', 'old');
INSERT INTO `ad_desc` VALUES(188, 33352, 'OTHER', 'other');
INSERT INTO `ad_desc` VALUES(189, 33353, 'PRICE', '100$');
INSERT INTO `ad_desc` VALUES(190, 33353, 'CONDITION', 'Brand New');
INSERT INTO `ad_desc` VALUES(191, 33353, 'OTHER', '');
INSERT INTO `ad_desc` VALUES(192, 33354, 'PRICE', '100500');
INSERT INTO `ad_desc` VALUES(193, 33354, 'CONDITION', '&#1085;&#1100;&#1102;');
INSERT INTO `ad_desc` VALUES(194, 33354, 'OTHER', '&#1096;&#1072;&#1081;&#1085;&#1080;');

DROP TABLE IF EXISTS `ads`;
CREATE TABLE IF NOT EXISTS `ads` (
  `ID` int(11) NOT NULL AUTO_INCREMENT,
  `NAME` text NOT NULL,
  `CREATED` timestamp NOT NULL DEFAULT CURRENT_TIMESTAMP,
  `OWNER` varchar(60) NOT NULL,
  PRIMARY KEY (`ID`)
) ENGINE=MyISAM  DEFAULT CHARSET=utf8 AUTO_INCREMENT=33355 ;

INSERT INTO `ads` VALUES(33338, 'r1', '2013-04-22 21:16:35', 'SUX');
INSERT INTO `ads` VALUES(3, 'Ad 3c', '2013-03-23 10:01:56', 'SUX');
INSERT INTO `ads` VALUES(4, 'Fignja kakaja-to', '2013-03-23 11:04:33', 'DELETABLE');
INSERT INTO `ads` VALUES(5, 'Red boots', '2013-03-23 20:54:39', 'mumbojumbo');
INSERT INTO `ads` VALUES(33208, 'mnogo piva', '2013-04-06 07:46:29', 'mumbojumbo');
INSERT INTO `ads` VALUES(33207, 'A mne vse po!', '2013-04-06 07:33:48', 'SUX');
INSERT INTO `ads` VALUES(33209, 'mnogo piva3', '2013-04-06 07:49:34', 'mumbojumbo');
INSERT INTO `ads` VALUES(33324, 'xmm-muchclick test', '2013-04-19 20:07:54', 'DELETABLE');
INSERT INTO `ads` VALUES(33322, 'xmm-muchclick test', '2013-04-19 20:07:50', 'DELETABLE');
INSERT INTO `ads` VALUES(33323, 'xmm-muchclick test', '2013-04-19 20:07:53', 'DELETABLE');
INSERT INTO `ads` VALUES(33309, 'Yeeah!', '2013-04-16 21:20:48', 'SUX');
INSERT INTO `ads` VALUES(33262, 'b2', '2013-04-10 20:37:54', 'mumbojumbo');
INSERT INTO `ads` VALUES(33257, 'a3', '2013-04-10 20:37:08', 'DELETABLE');
INSERT INTO `ads` VALUES(33256, 'a2', '2013-04-10 20:37:03', 'DELETABLE');
INSERT INTO `ads` VALUES(33255, 'a1', '2013-04-10 20:36:57', 'DELETABLE');
INSERT INTO `ads` VALUES(33249, 'creep10.ru', '2013-04-09 21:30:52', 'DELETABLE');
INSERT INTO `ads` VALUES(33250, 'creep11.ru', '2013-04-09 21:37:52', 'DELETABLE');
INSERT INTO `ads` VALUES(33336, 't1', '2013-04-22 21:14:49', 'SUX');
INSERT INTO `ads` VALUES(33252, 'creep13.ru', '2013-04-09 21:42:53', 'DELETABLE');
INSERT INTO `ads` VALUES(33253, 'creep14.ru', '2013-04-09 21:43:45', 'DELETABLE');
INSERT INTO `ads` VALUES(33254, 'creep15.ru', '2013-04-09 21:46:36', 'DELETABLE');
INSERT INTO `ads` VALUES(33352, 'lala3', '2013-04-27 14:43:55', 'mumbojumbo');
INSERT INTO `ads` VALUES(33265, 'b5', '2013-04-10 20:38:12', 'mumbojumbo');
INSERT INTO `ads` VALUES(33266, 'b6', '2013-04-10 20:38:17', 'mumbojumbo');
INSERT INTO `ads` VALUES(33325, 'xmm-muchclick test', '2013-04-19 20:07:54', 'DELETABLE');
INSERT INTO `ads` VALUES(33318, 'test5', '2013-04-17 23:05:54', 'SUX');
INSERT INTO `ads` VALUES(33274, 'm1', '2013-04-10 20:39:58', 'mumbojumbo');
INSERT INTO `ads` VALUES(33275, 'm2', '2013-04-10 20:40:02', 'mumbojumbo');
INSERT INTO `ads` VALUES(33278, 'm5', '2013-04-10 20:40:13', 'mumbojumbo');
INSERT INTO `ads` VALUES(33292, 'One empty ad', '2013-04-11 21:49:40', 'SUX');
INSERT INTO `ads` VALUES(33305, 'Vasja', '2013-04-13 10:20:41', 'SUX');
INSERT INTO `ads` VALUES(33321, 'xmm-muchclick test', '2013-04-19 20:07:50', 'DELETABLE');
INSERT INTO `ads` VALUES(33310, 'q', '2013-04-17 23:03:21', 'SUX');
INSERT INTO `ads` VALUES(33312, 'test', '2013-04-17 23:04:12', 'SUX');
INSERT INTO `ads` VALUES(33313, 'test3', '2013-04-17 23:05:23', 'SUX');
INSERT INTO `ads` VALUES(33308, 'a', '2013-04-13 14:03:10', 'SUX');
INSERT INTO `ads` VALUES(33326, 'xmm-muchclick test', '2013-04-19 20:07:54', 'DELETABLE');
INSERT INTO `ads` VALUES(33327, 'xmm-muchclick test', '2013-04-19 20:07:54', 'DELETABLE');
INSERT INTO `ads` VALUES(33328, 'xmm-muchclick test', '2013-04-19 20:07:54', 'DELETABLE');
INSERT INTO `ads` VALUES(33337, '&#1058;&#1077;&#1089;&#1090;1', '2013-04-22 21:15:39', 'SUX');
INSERT INTO `ads` VALUES(33330, 'r1', '2013-04-20 08:23:52', 'SUX');
INSERT INTO `ads` VALUES(33331, 't111', '2013-04-20 08:51:53', 'SUX');
INSERT INTO `ads` VALUES(33332, 'a2', '2013-04-20 08:52:11', 'SUX');
INSERT INTO `ads` VALUES(33333, 'r3', '2013-04-20 08:53:48', 'SUX');
INSERT INTO `ads` VALUES(33334, 'header1', '2013-04-20 14:03:17', 'DELETABLE');
INSERT INTO `ads` VALUES(33335, 'A01', '2013-04-20 15:00:31', 'SUX');
INSERT INTO `ads` VALUES(33345, 'r1', '2013-04-22 21:55:35', 'DELETABLE');
INSERT INTO `ads` VALUES(33349, '&#1073;&#1077;&#1089;&#1087;&#1086;&#1083;&#1077;&#1079;&#1085;&#1072;&#1103; &#1086;&#1073;&#1098;&#1103;&#1074;&#1072;', '2013-04-26 07:55:46', 'SUX');
INSERT INTO `ads` VALUES(33350, '&#1072;&#1076;98', '2013-04-26 20:08:41', 'SUX');
INSERT INTO `ads` VALUES(33351, '&#1072;&#1076;3', '2013-04-26 20:09:13', 'SUX');
INSERT INTO `ads` VALUES(33353, 'KOTE', '2013-04-27 14:54:55', 'SUX');
INSERT INTO `ads` VALUES(33354, '&#1050;&#1086;&#1090;&#1101;2', '2013-05-04 20:43:26', 'SUX');

DROP TABLE IF EXISTS `users`;
CREATE TABLE IF NOT EXISTS `users` (
  `ID` varchar(40) NOT NULL,
  `NAME` varchar(40) NOT NULL,
  `SURNAME` varchar(40) NOT NULL,
  `EMAIL` varchar(90) NOT NULL,
  `PHONE` varchar(20) NOT NULL,
  PRIMARY KEY (`ID`)
) ENGINE=MyISAM DEFAULT CHARSET=utf8;

INSERT INTO `users` VALUES('SUX', 'SASHKO', 'VOLKOFF', 'suxlv@gov.us', '113');
INSERT INTO `users` VALUES('mumbojumbo', 'Mumbo', 'Jumbo', 'mumbo@jumbo', '555-1133');
INSERT INTO `users` VALUES('DELETABLE', 'DELETE', 'TABLE', 'dele.t@ab.le', '04');
